施設名,物件名,表示,割合,累計,2026/05/01,2026/05/02,2026/05/03,2026/05/04,2026/05/05,2026/05/06,2026/05/07,2026/05/08,2026/05/09,2026/05/10,2026/05/11,2026/05/12,2026/05/13,2026/05/14,2026/05/15,2026/05/16,2026/05/17,2026/05/18,2026/05/19,2026/05/20,2026/05/21,2026/05/22,2026/05/23,2026/05/24,2026/05/25,2026/05/26,2026/05/27,2026/05/28,2026/05/29,2026/05/30,2026/05/31,2026/06/01,2026/06/02,2026/06/03,2026/06/04,2026/06/05,2026/06/06,2026/06/07,2026/06/08,2026/06/09,2026/06/10,2026/06/11,2026/06/12,2026/06/13,2026/06/14,2026/06/15,2026/06/16,2026/06/17,2026/06/18,2026/06/19,2026/06/20,2026/06/21,2026/06/22,2026/06/23,2026/06/24,2026/06/25,2026/06/26,2026/06/27,2026/06/28,2026/06/29,2026/06/30
Minn house Niseko Hirafu,全体,販売数,1.000,142,2,5,5,4,2,1,1,1,0,0,1,1,1,1,0,0,1,2,4,4,1,2,3,4,4,2,2,2,2,3,3,3,3,3,5,2,1,1,4,4,3,4,4,4,2,2,1,3,3,3,2,1,1,1,1,1,3,3,4,3,3
Minn house Niseko Hirafu,全体,新規予約数,1.000,34,3,1,2,1,1,1,0,0,1,1,0,0,2,2,2,0,0,2,0,0,1,2,0,3,0,1,2,0,0,2,2,1,1,0,0,0,0,0,0,0,0,0,0,0,0,0,0,0,0,0,0,0,0,0,0,0,0,0,0,0,0
tower eleven hotel,全体,販売数,1.000,716,13,13,13,13,13,11,6,4,11,9,7,9,9,13,13,13,13,13,13,13,12,13,13,12,8,9,12,13,13,13,13,9,10,9,13,13,13,11,12,13,13,13,13,13,13,12,10,12,13,13,13,13,13,13,13,13,9,13,9,13,13
tower eleven hotel,全体,新規予約数,1.000,253,7,7,6,7,2,10,8,7,7,10,4,10,6,10,10,9,7,10,1,10,4,2,11,8,10,8,6,6,8,10,13,13,6,0,0,0,0,0,0,0,0,0,0,0,0,0,0,0,0,0,0,0,0,0,0,0,0,0,0,0,0
ES CON FIELD HOKKAIDO HOTEL Kitahiroshima Station,全体,販売数,1.000,6387,143,148,125,155,142,57,70,71,52,55,76,96,116,114,139,133,60,80,86,108,116,147,156,90,108,107,115,136,157,142,77,57,89,120,92,103,143,66,88,144,145,151,157,141,67,70,120,116,139,155,74,51,89,66,29,111,141,125,40,61,60
ES CON FIELD HOKKAIDO HOTEL Kitahiroshima Station,全体,新規予約数,1.000,3477,104,77,74,84,103,104,107,93,99,101,96,99,142,108,155,138,113,114,80,129,105,70,84,98,112,127,101,122,126,97,95,168,52,0,0,0,0,0,0,0,0,0,0,0,0,0,0,0,0,0,0,0,0,0,0,0,0,0,0,0,0
Minn 北広島 Station East（Kitahiroshima Station East）,全体,販売数,1.000,427,10,12,13,14,14,2,2,5,6,4,2,4,4,5,10,11,6,4,9,11,7,7,10,4,2,4,4,4,14,11,6,9,10,8,7,8,10,3,5,8,7,9,10,8,4,4,5,5,7,8,8,4,5,3,6,8,8,11,6,4,8
Minn 北広島 Station East（Kitahiroshima Station East）,全体,新規予約数,1.000,220,10,6,6,6,7,5,6,10,6,7,7,8,9,8,4,8,9,6,6,5,9,4,5,8,10,6,8,3,7,4,11,4,2,0,0,0,0,0,0,0,0,0,0,0,0,0,0,0,0,0,0,0,0,0,0,0,0,0,0,0,0
Minn 千歳 (Chitose),全体,販売数,1.000,2374,39,42,45,34,35,34,40,50,36,23,31,41,41,41,49,45,44,39,49,42,43,41,42,29,39,44,41,49,46,42,43,40,51,33,38,37,47,39,35,33,42,28,42,39,41,40,47,50,44,48,34,40,38,35,30,28,24,29,26,29,28
Minn 千歳 (Chitose),全体,新規予約数,1.000,1124,43,36,43,26,39,35,38,25,37,45,26,45,41,32,47,38,48,41,42,43,22,28,25,34,33,34,29,15,21,21,40,28,24,0,0,0,0,0,0,0,0,0,0,0,0,0,0,0,0,0,0,0,0,0,0,0,0,0,0,0,0
FAV LUX 札幌すすきの（Sapporo Susukino）,全体,販売数,1.000,4398,74,82,83,76,81,66,69,44,59,48,63,81,84,83,72,71,66,82,78,75,80,78,70,62,74,73,73,72,75,79,76,75,75,62,57,67,72,57,65,72,68,71,70,74,72,79,81,80,75,78,78,76,76,80,76,74,79,78,62,66,54
FAV LUX 札幌すすきの（Sapporo Susukino）,全体,新規予約数,1.000,2137,79,82,77,71,72,54,80,58,72,60,76,88,70,65,62,28,44,72,54,60,50,33,63,73,67,70,79,69,69,60,66,71,43,0,0,0,0,0,0,0,0,0,0,0,0,0,0,0,0,0,0,0,0,0,0,0,0,0,0,0,0
シアテル札幌 (Sapporo),全体,販売数,1.000,2146,39,35,39,38,40,34,33,36,34,37,36,33,35,36,36,38,37,36,39,36,39,36,37,32,37,35,31,38,37,35,34,27,36,38,37,37,38,38,34,35,40,37,39,38,38,38,37,36,37,37,36,40,31,22,33,34,24,36,31,25,19
シアテル札幌 (Sapporo),全体,新規予約数,1.000,979,22,23,34,32,30,29,34,31,31,33,49,35,22,28,30,33,24,23,20,28,29,21,26,25,42,35,27,26,28,37,47,31,14,0,0,0,0,0,0,0,0,0,0,0,0,0,0,0,0,0,0,0,0,0,0,0,0,0,0,0,0
Minn 札幌大通 西14（Sapporo Odori W14）,全体,販売数,1.000,115,0,0,0,0,0,0,0,0,0,0,0,0,0,0,0,0,0,0,0,0,0,0,0,0,0,0,0,0,0,0,0,0,0,0,0,0,0,0,0,0,0,0,0,0,0,0,1,1,1,5,22,9,8,5,7,9,13,21,9,1,3
Minn 札幌大通 西14（Sapporo Odori W14）,全体,新規予約数,1.000,331,4,1,4,1,3,2,8,5,14,17,19,15,9,7,13,14,17,19,12,16,8,5,8,23,8,7,13,5,12,13,15,11,3,0,0,0,0,0,0,0,0,0,0,0,0,0,0,0,0,0,0,0,0,0,0,0,0,0,0,0,0
Minn 札幌大通 西18 Station（Sapporo Odori W18 Station）,全体,販売数,1.000,137,2,3,4,4,3,2,4,2,0,0,1,1,3,1,1,3,3,3,0,2,1,2,3,2,3,2,2,4,4,4,2,0,1,2,2,3,2,0,0,1,1,3,2,3,1,2,2,2,3,3,4,3,3,3,3,3,4,4,2,1,3
Minn 札幌大通 西18 Station（Sapporo Odori W18 Station）,全体,新規予約数,1.000,32,0,0,1,4,2,1,1,0,0,0,1,1,3,1,1,0,3,1,4,0,0,1,0,3,1,0,0,1,0,0,2,0,0,0,0,0,0,0,0,0,0,0,0,0,0,0,0,0,0,0,0,0,0,0,0,0,0,0,0,0,0
Minn 日本橋 (Nihonbashi),全体,販売数,1.000,1645,27,31,31,31,25,18,13,18,24,21,23,24,29,30,27,29,30,27,31,31,32,32,32,27,29,30,28,30,29,32,29,25,26,20,25,27,31,22,26,27,27,27,29,32,28,25,25,27,31,25,27,28,23,25,27,30,28,31,27,20,24
Minn 日本橋 (Nihonbashi),全体,新規予約数,1.000,309,8,8,12,8,8,5,7,12,4,6,10,7,7,9,7,15,14,4,10,15,15,20,7,6,11,4,7,9,12,7,10,19,6,0,0,0,0,0,0,0,0,0,0,0,0,0,0,0,0,0,0,0,0,0,0,0,0,0,0,0,0
Minn 日本橋水天宮前（nihonbashi-suitengumae）,全体,販売数,1.000,1534,24,29,28,29,29,19,22,26,25,25,26,25,29,27,26,28,27,28,29,29,29,29,29,27,27,28,28,29,27,29,29,21,29,28,22,22,21,17,20,22,22,21,22,28,25,23,17,21,23,25,27,25,28,25,26,22,22,25,22,22,20
Minn 日本橋水天宮前（nihonbashi-suitengumae）,全体,新規予約数,1.000,422,12,15,21,14,4,15,10,9,10,15,13,12,10,14,15,11,22,17,29,21,13,14,11,6,12,8,12,8,16,14,9,7,3,0,0,0,0,0,0,0,0,0,0,0,0,0,0,0,0,0,0,0,0,0,0,0,0,0,0,0,0
Minn 上野入谷 (Ueno Iriya),全体,販売数,1.000,930,15,19,19,17,15,14,10,13,19,16,14,13,13,16,15,18,18,17,19,19,19,19,19,16,18,13,18,19,17,18,18,19,17,18,18,17,19,18,17,12,13,13,13,16,15,15,13,12,16,16,15,11,12,9,9,12,13,13,12,7,7
Minn 上野入谷 (Ueno Iriya),全体,新規予約数,1.000,160,11,5,10,12,3,4,6,7,0,7,3,9,10,7,3,3,4,4,4,4,5,0,2,0,2,2,8,5,4,6,1,7,2,0,0,0,0,0,0,0,0,0,0,0,0,0,0,0,0,0,0,0,0,0,0,0,0,0,0,0,0
Minn 上野 (Ueno),全体,販売数,1.000,2778,43,46,51,51,42,33,33,46,45,33,45,47,48,48,49,52,50,50,52,52,50,51,52,48,51,50,52,51,52,49,52,43,50,52,43,39,46,48,49,47,48,50,52,49,44,43,45,40,44,47,49,44,42,39,41,41,36,36,31,35,31
Minn 上野 (Ueno),全体,新規予約数,1.000,831,19,29,37,28,33,33,30,21,12,39,29,27,31,32,30,28,40,30,45,26,24,26,21,20,26,14,14,15,14,21,13,14,10,0,0,0,0,0,0,0,0,0,0,0,0,0,0,0,0,0,0,0,0,0,0,0,0,0,0,0,0
Minn 上野新御徒町 (Ueno Shin Okachimachi),全体,販売数,1.000,1311,20,24,25,25,21,21,20,20,18,16,19,25,24,23,20,23,25,23,25,25,25,25,25,21,23,20,25,25,23,23,24,21,20,23,19,21,24,22,20,24,20,22,21,24,24,18,23,23,21,22,25,18,18,18,22,19,19,13,14,15,17
Minn 上野新御徒町 (Ueno Shin Okachimachi),全体,新規予約数,1.000,287,13,3,17,14,8,6,14,17,4,3,8,5,7,7,2,11,11,7,14,10,34,3,5,9,0,10,13,3,7,7,6,6,3,0,0,0,0,0,0,0,0,0,0,0,0,0,0,0,0,0,0,0,0,0,0,0,0,0,0,0,0
Minn 秋葉原 (Akihabara),全体,販売数,1.000,1309,21,25,26,25,20,15,20,23,26,26,24,21,22,26,25,26,21,21,24,25,26,26,26,26,22,25,25,25,23,26,24,19,20,20,19,21,16,20,14,16,16,20,20,19,16,17,20,22,20,22,21,21,18,18,18,15,23,23,20,19,20
Minn 秋葉原 (Akihabara),全体,新規予約数,1.000,234,6,4,3,3,3,7,7,2,3,6,4,7,6,6,9,6,6,11,7,9,3,6,10,7,16,8,10,8,7,14,9,15,6,0,0,0,0,0,0,0,0,0,0,0,0,0,0,0,0,0,0,0,0,0,0,0,0,0,0,0,0
Minn 浅草 (Asakusa),全体,販売数,1.000,448,6,9,8,6,6,6,7,7,7,6,5,6,8,9,9,9,8,8,6,10,10,10,10,10,8,10,10,8,7,10,9,5,8,9,8,8,10,8,5,7,6,6,7,10,6,3,5,7,9,9,8,5,4,4,4,6,5,6,6,8,8
Minn 浅草 (Asakusa),全体,新規予約数,1.000,106,1,1,3,1,1,3,0,1,0,2,2,4,1,4,0,5,3,3,7,9,10,4,3,8,6,6,3,3,0,2,4,3,3,0,0,0,0,0,0,0,0,0,0,0,0,0,0,0,0,0,0,0,0,0,0,0,0,0,0,0,0
Minn 奥浅草（Oku-Asakusa）,全体,販売数,1.000,966,0,0,0,0,0,0,0,0,0,0,0,0,0,0,0,0,0,0,0,0,0,0,0,0,0,0,0,0,17,24,29,32,36,35,35,33,33,29,28,28,29,28,28,40,28,26,30,28,27,26,35,30,26,27,28,31,28,29,28,27,28
Minn 奥浅草（Oku-Asakusa）,全体,新規予約数,1.000,432,15,13,12,14,25,19,19,10,9,27,22,18,13,10,9,22,18,7,25,19,12,5,8,6,7,9,5,6,13,11,7,14,3,0,0,0,0,0,0,0,0,0,0,0,0,0,0,0,0,0,0,0,0,0,0,0,0,0,0,0,0
Minn 浅草かっぱ橋 (Asakusa Kappabashi),全体,販売数,1.000,2073,27,39,38,37,36,29,34,32,33,30,32,35,41,40,41,42,39,36,42,42,42,42,42,34,40,42,38,36,35,40,41,37,34,36,40,36,40,31,28,27,31,34,33,27,28,31,29,29,30,31,31,28,29,26,27,30,31,30,23,25,24
Minn 浅草かっぱ橋 (Asakusa Kappabashi),全体,新規予約数,1.000,409,18,14,20,16,11,12,8,7,10,9,9,12,18,15,18,11,9,11,20,16,14,10,14,9,18,14,10,11,9,4,8,16,8,0,0,0,0,0,0,0,0,0,0,0,0,0,0,0,0,0,0,0,0,0,0,0,0,0,0,0,0
Minn 浅草蔵前 Station（Asakusa Kuramae Station）,全体,販売数,1.000,826,11,16,16,14,16,9,14,16,12,13,15,16,15,16,16,16,11,15,16,16,16,16,15,15,13,12,16,13,16,16,14,12,13,16,16,16,16,12,15,11,11,13,15,16,13,14,12,11,12,14,15,15,9,5,9,10,11,9,10,12,12
Minn 浅草蔵前 Station（Asakusa Kuramae Station）,全体,新規予約数,1.000,144,9,8,8,6,5,3,2,8,2,8,1,10,5,6,6,4,4,3,7,1,3,2,6,1,3,1,4,5,2,2,3,4,2,0,0,0,0,0,0,0,0,0,0,0,0,0,0,0,0,0,0,0,0,0,0,0,0,0,0,0,0
Minn 浅草蔵前 North（Asakusa Kuramae North）,全体,販売数,1.000,711,9,12,14,14,14,11,9,12,12,10,12,14,14,12,13,14,9,11,14,14,14,14,14,13,11,14,14,14,13,14,11,13,14,13,10,11,13,12,11,10,11,11,11,12,12,9,11,11,10,10,8,12,12,13,11,7,6,9,10,10,8
Minn 浅草蔵前 North（Asakusa Kuramae North）,全体,新規予約数,1.000,168,5,4,7,4,9,8,5,7,5,10,3,10,5,7,2,0,5,8,3,8,9,5,5,2,1,7,4,8,0,2,4,4,2,0,0,0,0,0,0,0,0,0,0,0,0,0,0,0,0,0,0,0,0,0,0,0,0,0,0,0,0
Minn 葛西 (Kasai),全体,販売数,1.000,3023,52,55,55,55,55,42,48,55,52,55,53,55,54,55,54,54,55,55,54,55,55,55,55,54,55,55,55,55,55,55,54,55,55,50,42,55,55,41,41,49,46,51,45,51,40,45,40,48,52,50,52,37,35,40,37,46,52,44,34,30,34
Minn 葛西 (Kasai),全体,新規予約数,1.000,846,29,43,28,27,32,38,44,19,37,29,35,36,29,20,27,28,45,17,25,27,31,22,15,15,21,20,16,16,23,8,20,20,4,0,0,0,0,0,0,0,0,0,0,0,0,0,0,0,0,0,0,0,0,0,0,0,0,0,0,0,0
Minn 西葛西 (Nishi Kasai),全体,販売数,1.000,1768,33,34,36,36,21,21,17,31,34,23,24,31,36,36,36,35,36,35,36,36,35,36,36,36,33,34,33,35,35,35,36,28,29,26,25,32,36,29,30,31,27,29,30,28,25,26,27,29,35,29,19,18,19,17,18,19,21,20,19,19,17
Minn 西葛西 (Nishi Kasai),全体,新規予約数,1.000,588,10,20,14,26,29,36,26,23,19,18,21,36,28,25,8,20,23,23,9,12,8,22,3,16,16,9,17,16,14,11,14,11,5,0,0,0,0,0,0,0,0,0,0,0,0,0,0,0,0,0,0,0,0,0,0,0,0,0,0,0,0
Minn 蒲田 (Kamata),全体,販売数,1.000,1479,24,28,28,27,18,21,22,28,27,19,28,28,28,28,28,28,28,28,28,28,28,28,28,27,27,28,28,28,27,28,28,27,28,26,25,22,28,25,18,28,26,28,27,25,25,18,27,28,20,21,21,26,16,15,13,19,20,10,15,12,13
Minn 蒲田 (Kamata),全体,新規予約数,1.000,547,27,14,18,18,15,19,24,21,14,24,23,23,19,12,11,15,17,28,23,33,18,11,9,10,8,6,13,16,9,22,8,14,5,0,0,0,0,0,0,0,0,0,0,0,0,0,0,0,0,0,0,0,0,0,0,0,0,0,0,0,0
Minn 羽田エアポート (Haneda Airport),全体,販売数,1.000,840,9,15,15,16,15,12,15,15,12,15,15,16,16,16,15,16,16,14,15,16,16,16,15,16,15,16,16,15,16,16,16,16,16,16,12,13,15,11,13,15,16,14,14,15,7,11,12,13,15,13,14,11,11,13,10,11,11,10,12,7,6
Minn 羽田エアポート (Haneda Airport),全体,新規予約数,1.000,520,17,16,22,16,15,23,19,15,20,21,16,17,18,19,16,17,13,20,21,13,17,12,16,12,8,11,11,13,5,16,19,22,4,0,0,0,0,0,0,0,0,0,0,0,0,0,0,0,0,0,0,0,0,0,0,0,0,0,0,0,0
シアテル羽田Ⅱ (Haneda 2),全体,販売数,1.000,1033,19,17,19,18,17,18,16,19,19,18,19,19,19,18,17,18,19,19,18,18,15,19,18,19,18,19,19,18,18,19,19,18,19,19,16,19,19,11,19,18,18,18,19,13,13,15,19,18,18,16,17,12,12,15,11,11,13,12,14,11,15
シアテル羽田Ⅱ (Haneda 2),全体,新規予約数,1.000,505,15,7,8,11,21,24,19,18,24,15,14,10,16,13,5,16,15,10,13,27,20,9,24,10,10,12,20,18,17,16,23,19,6,0,0,0,0,0,0,0,0,0,0,0,0,0,0,0,0,0,0,0,0,0,0,0,0,0,0,0,0
Minn 渋谷神山町 (Shibuya),全体,販売数,0,0,0,0,0,0,0,0,0,0,0,0,0,0,0,0,0,0,0,0,0,0,0,0,0,0,0,0,0,0,0,0,0,0,0,0,0,0,0,0,0,0,0,0,0,0,0,0,0,0,0,0,0,0,0,0,0,0,0,0,0,0,0
Minn 渋谷神山町 (Shibuya),全体,新規予約数,0,0,0,0,0,0,0,0,0,0,0,0,0,0,0,0,0,0,0,0,0,0,0,0,0,0,0,0,0,0,0,0,0,0,0,0,0,0,0,0,0,0,0,0,0,0,0,0,0,0,0,0,0,0,0,0,0,0,0,0,0,0,0
SHIFT HOTEL SHIBUYA Hatagaya,全体,販売数,1.000,107,2,2,2,2,2,2,1,2,2,2,2,2,2,2,2,2,2,2,2,2,2,2,2,2,2,2,2,1,2,2,1,2,2,2,2,2,2,2,1,1,1,1,2,1,2,2,2,2,1,1,2,1,1,1,1,1,2,2,2,2,2
SHIFT HOTEL SHIBUYA Hatagaya,全体,新規予約数,1.000,38,2,0,2,4,2,3,0,0,1,2,1,1,1,0,0,1,0,4,1,0,1,1,0,0,0,2,0,4,0,0,0,3,2,0,0,0,0,0,0,0,0,0,0,0,0,0,0,0,0,0,0,0,0,0,0,0,0,0,0,0,0
SHIFT HOTEL SHIBUYA JINNAN,全体,販売数,0,0,0,0,0,0,0,0,0,0,0,0,0,0,0,0,0,0,0,0,0,0,0,0,0,0,0,0,0,0,0,0,0,0,0,0,0,0,0,0,0,0,0,0,0,0,0,0,0,0,0,0,0,0,0,0,0,0,0,0,0,0,0
SHIFT HOTEL SHIBUYA JINNAN,全体,新規予約数,1.000,9,0,0,0,0,0,0,1,1,0,0,2,0,0,0,0,1,0,0,0,1,0,0,0,0,1,0,0,1,0,0,0,0,1,0,0,0,0,0,0,0,0,0,0,0,0,0,0,0,0,0,0,0,0,0,0,0,0,0,0,0,0
Minn STATION Ai Nagoya,全体,販売数,1.000,1225,25,25,23,24,25,12,13,25,25,19,19,17,21,22,18,24,24,24,25,23,18,25,25,24,24,22,16,25,25,24,23,23,15,20,18,25,25,16,12,17,16,15,25,25,16,19,15,18,23,23,25,10,7,12,17,22,19,18,16,15,14
Minn STATION Ai Nagoya,全体,新規予約数,1.000,673,15,26,23,12,23,18,31,24,10,16,18,21,27,26,26,13,13,22,20,21,20,15,24,15,31,34,17,28,12,10,32,23,7,0,0,0,0,0,0,0,0,0,0,0,0,0,0,0,0,0,0,0,0,0,0,0,0,0,0,0,0
Minn 十三 (Juso),全体,販売数,1.000,2188,31,40,42,42,42,36,35,41,41,33,31,40,41,42,41,42,42,41,42,42,42,42,42,42,41,41,40,42,42,41,41,42,28,37,41,41,42,33,25,27,25,27,42,42,39,24,30,23,28,42,42,26,22,21,28,26,28,37,20,27,30
Minn 十三 (Juso),全体,新規予約数,1.000,1178,44,37,31,34,30,40,70,52,58,53,56,28,43,23,33,36,44,38,27,42,28,16,27,26,29,34,35,23,27,25,42,32,15,0,0,0,0,0,0,0,0,0,0,0,0,0,0,0,0,0,0,0,0,0,0,0,0,0,0,0,0
Minn 北梅田 (Kita Umeda),全体,販売数,1.000,1104,10,14,20,23,21,13,17,17,18,19,23,22,19,16,16,21,19,17,20,19,19,22,23,20,18,21,22,24,23,23,23,21,17,15,16,16,20,17,19,23,23,21,14,21,23,23,19,18,19,20,20,16,15,13,14,11,9,11,9,12,7
Minn 北梅田 (Kita Umeda),全体,新規予約数,1.000,203,3,6,1,10,8,7,9,6,5,2,9,7,11,5,5,4,5,6,7,11,4,6,6,8,8,7,4,10,3,4,5,8,3,0,0,0,0,0,0,0,0,0,0,0,0,0,0,0,0,0,0,0,0,0,0,0,0,0,0,0,0
Minn 東梅田 (Higashi Umeda),全体,販売数,1.000,940,14,16,19,20,15,10,16,17,15,14,14,18,19,17,17,16,15,12,20,18,19,19,20,17,19,19,19,19,20,20,15,12,14,11,10,16,20,16,10,17,18,19,20,19,15,11,11,8,11,15,15,13,14,11,12,15,12,12,14,11,10
Minn 東梅田 (Higashi Umeda),全体,新規予約数,1.000,299,11,5,13,11,20,14,13,12,10,12,13,7,9,4,8,8,10,11,10,9,9,7,3,4,12,13,6,7,5,3,10,7,3,0,0,0,0,0,0,0,0,0,0,0,0,0,0,0,0,0,0,0,0,0,0,0,0,0,0,0,0
Minn 新大阪 (Shin Osaka),全体,販売数,1.000,2004,35,33,35,35,36,28,32,36,33,34,31,35,36,35,34,36,36,36,36,36,36,36,35,34,36,35,35,35,36,36,36,36,36,33,30,31,36,29,23,30,36,34,36,30,32,24,33,29,36,36,27,24,26,29,28,29,28,36,31,31,27
Minn 新大阪 (Shin Osaka),全体,新規予約数,1.000,1058,26,41,26,32,39,49,21,32,43,47,46,33,36,32,33,31,47,28,31,24,21,25,36,35,26,23,37,26,22,32,53,17,8,0,0,0,0,0,0,0,0,0,0,0,0,0,0,0,0,0,0,0,0,0,0,0,0,0,0,0,0
Minn 難波 South（Namba South）,全体,販売数,0,0,0,0,0,0,0,0,0,0,0,0,0,0,0,0,0,0,0,0,0,0,0,0,0,0,0,0,0,0,0,0,0,0,0,0,0,0,0,0,0,0,0,0,0,0,0,0,0,0,0,0,0,0,0,0,0,0,0,0,0,0,0
Minn 難波 South（Namba South）,全体,新規予約数,1.000,37,0,0,0,1,0,0,0,0,0,0,0,0,1,1,0,0,0,1,1,3,5,0,2,0,2,1,6,3,1,2,4,3,0,0,0,0,0,0,0,0,0,0,0,0,0,0,0,0,0,0,0,0,0,0,0,0,0,0,0,0,0
Minn 難波日本橋（Namba Nipponbashi）,全体,販売数,1.000,4,0,0,0,0,0,0,0,0,0,0,0,0,0,0,0,0,0,0,0,0,0,0,0,0,0,0,0,0,0,0,0,0,0,0,0,0,0,0,0,0,0,0,0,0,0,0,0,0,0,0,0,0,0,0,0,0,1,2,1,0,0
Minn 難波日本橋（Namba Nipponbashi）,全体,新規予約数,1.000,231,2,1,1,3,4,0,1,0,5,4,14,9,23,4,10,5,4,12,4,5,6,5,14,20,5,10,2,12,9,12,13,7,5,0,0,0,0,0,0,0,0,0,0,0,0,0,0,0,0,0,0,0,0,0,0,0,0,0,0,0,0
Minn 梅田中崎町（Umeda Nakazakicho）,全体,販売数,1.000,1428,15,25,26,26,24,17,15,16,23,22,25,25,21,20,25,25,22,24,25,28,27,28,27,27,28,28,26,27,28,27,20,24,24,24,26,27,28,26,29,28,26,24,24,26,20,21,22,18,22,29,27,21,20,21,22,18,20,18,16,18,17
Minn 梅田中崎町（Umeda Nakazakicho）,全体,新規予約数,1.000,375,11,16,4,7,5,12,7,6,13,12,11,13,9,4,8,5,9,15,14,12,10,20,15,12,11,14,15,23,16,11,11,17,7,0,0,0,0,0,0,0,0,0,0,0,0,0,0,0,0,0,0,0,0,0,0,0,0,0,0,0,0
Minn 二条城 (Nijojo),全体,販売数,1.000,1036,20,19,21,20,21,20,20,21,20,18,20,19,19,19,19,19,18,20,20,21,21,20,21,19,21,21,20,17,20,21,21,21,20,21,19,17,20,13,16,12,12,11,15,20,17,14,11,7,8,18,20,10,9,9,10,8,10,16,12,14,10
Minn 二条城 (Nijojo),全体,新規予約数,1.000,350,13,11,17,14,10,14,9,12,11,13,18,9,14,15,4,7,10,5,8,13,8,13,10,12,9,6,7,6,8,10,18,9,7,0,0,0,0,0,0,0,0,0,0,0,0,0,0,0,0,0,0,0,0,0,0,0,0,0,0,0,0
Minn 祇園 (Gion),全体,販売数,1.000,1763,33,35,35,35,33,28,26,22,35,31,30,34,31,31,30,35,33,29,33,32,34,34,35,35,35,34,29,30,29,28,30,31,31,34,26,26,26,25,25,23,24,31,28,34,31,28,24,26,25,29,27,27,23,23,24,25,25,25,19,20,14
Minn 祇園 (Gion),全体,新規予約数,1.000,409,17,19,13,15,12,17,13,10,19,13,9,12,12,9,20,10,9,15,12,10,18,4,13,14,10,9,7,7,8,12,22,14,5,0,0,0,0,0,0,0,0,0,0,0,0,0,0,0,0,0,0,0,0,0,0,0,0,0,0,0,0
Minn 祇園鴨川（Gion Kamogawa）,全体,販売数,1.000,1359,20,27,27,26,25,21,24,25,27,25,27,27,23,25,27,27,20,24,26,27,27,25,27,26,27,25,26,24,26,27,25,22,23,24,26,23,26,24,23,24,23,20,20,20,17,17,14,14,21,25,24,22,17,16,13,12,12,13,14,12,13
Minn 祇園鴨川（Gion Kamogawa）,全体,新規予約数,1.000,340,8,15,11,13,11,14,13,18,10,12,16,17,8,13,10,7,19,8,12,15,6,9,6,12,9,9,5,10,4,8,4,7,1,0,0,0,0,0,0,0,0,0,0,0,0,0,0,0,0,0,0,0,0,0,0,0,0,0,0,0,0
Minn 祇園三条 (Gion Sanjo),全体,販売数,1.000,1445,20,26,29,30,26,20,25,28,23,25,23,20,23,20,28,29,25,27,27,28,28,27,30,26,22,29,25,29,27,30,23,20,27,27,23,21,21,21,22,23,19,26,22,28,24,18,21,20,22,19,21,18,17,17,23,24,22,24,18,21,18
Minn 祇園三条 (Gion Sanjo),全体,新規予約数,1.000,281,5,8,5,8,12,10,4,7,5,2,6,6,5,18,6,15,7,4,10,8,5,13,12,13,7,11,17,5,9,11,9,12,6,0,0,0,0,0,0,0,0,0,0,0,0,0,0,0,0,0,0,0,0,0,0,0,0,0,0,0,0
Minn 清水五条 (Kiyomizu Gojo),全体,販売数,1.000,1120,17,22,25,25,22,17,12,11,14,19,18,20,22,23,24,25,25,24,25,26,25,25,25,21,25,25,26,25,25,26,20,25,24,26,17,18,18,16,18,19,18,15,14,15,11,12,17,15,12,13,15,12,16,13,11,11,8,10,5,6,6
Minn 清水五条 (Kiyomizu Gojo),全体,新規予約数,1.000,254,7,7,7,6,4,8,10,6,6,5,8,1,9,11,2,8,11,8,13,10,5,2,11,7,16,12,9,6,6,9,8,11,5,0,0,0,0,0,0,0,0,0,0,0,0,0,0,0,0,0,0,0,0,0,0,0,0,0,0,0,0
Minn 四条大宮（Shijoomiya）,全体,販売数,1.000,913,19,19,19,19,18,12,17,18,19,15,16,14,14,17,18,19,19,19,15,19,19,19,19,18,18,19,19,19,17,19,14,14,16,19,15,17,15,12,13,12,13,15,13,18,12,12,7,10,7,9,13,11,10,10,9,10,11,14,11,10,10
Minn 四条大宮（Shijoomiya）,全体,新規予約数,1.000,204,10,3,4,7,6,11,7,10,4,12,7,4,10,6,3,11,6,12,5,5,2,6,2,4,8,1,3,4,0,2,15,12,2,0,0,0,0,0,0,0,0,0,0,0,0,0,0,0,0,0,0,0,0,0,0,0,0,0,0,0,0
Minn 烏丸五条（Karasuma Gojo）,全体,販売数,1.000,1557,25,32,32,32,32,21,24,24,31,23,25,28,30,32,32,32,26,30,30,32,31,31,31,25,30,31,28,27,30,30,25,23,28,25,28,29,31,23,26,26,27,21,27,29,26,26,21,14,24,24,22,16,19,16,16,13,15,18,15,18,19
Minn 烏丸五条（Karasuma Gojo）,全体,新規予約数,1.000,408,14,12,12,8,8,17,12,15,17,19,17,11,10,11,12,16,13,20,12,19,9,9,17,10,9,4,7,16,9,10,9,18,6,0,0,0,0,0,0,0,0,0,0,0,0,0,0,0,0,0,0,0,0,0,0,0,0,0,0,0,0
Minn 河原町五条リバーサイド(Kawaramachi Gojo Riverside),全体,販売数,1.000,1087,17,21,21,21,21,16,17,16,20,20,20,20,19,21,21,21,18,20,19,21,19,21,21,20,20,18,20,19,19,20,20,20,21,19,19,18,19,19,20,18,17,17,19,16,15,13,17,15,16,16,12,13,15,14,15,10,9,10,15,16,17
Minn 河原町五条リバーサイド(Kawaramachi Gojo Riverside),全体,新規予約数,1.000,167,3,7,4,2,9,6,11,7,5,7,4,4,3,1,6,7,9,8,6,2,6,4,1,4,3,11,3,5,4,3,7,4,1,0,0,0,0,0,0,0,0,0,0,0,0,0,0,0,0,0,0,0,0,0,0,0,0,0,0,0,0
Minn 金沢 (Kanazawa),全体,販売数,1.000,2468,36,49,49,49,48,29,36,44,48,39,38,48,48,49,49,46,48,47,49,49,47,48,47,39,49,49,48,48,49,49,49,41,42,40,40,42,49,44,36,30,35,35,32,49,33,24,24,19,27,40,49,33,34,27,26,31,33,48,32,23,30
Minn 金沢 (Kanazawa),全体,新規予約数,1.000,1195,40,24,47,40,30,39,47,32,34,44,48,45,39,29,37,35,52,32,37,44,29,21,41,42,36,23,34,28,27,34,55,36,14,0,0,0,0,0,0,0,0,0,0,0,0,0,0,0,0,0,0,0,0,0,0,0,0,0,0,0,0
全体,全体,販売数,1.000,61264,1001,1144,1161,1168,1091,798,855,937,957,860,933,1030,1077,1085,1112,1141,1014,1042,1101,1130,1125,1168,1180,1019,1080,1091,1086,1130,1176,1186,1073,988,1057,1059,982,1031,1146,907,915,1012,1019,1033,1076,1118,920,874,947,928,1007,1085,1016,851,843,790,778,876,908,954,736,738,719
全体,全体,新規予約数,1.000,22804,718,675,708,677,714,775,801,676,696,788,794,772,797,679,715,700,782,740,711,795,656,513,621,650,680,653,646,631,593,605,766,762,315,0,0,0,0,0,0,0,0,0,0,0,0,0,0,0,0,0,0,0,0,0,0,0,0,0,0,0,0
